"Post ID","Page ID","Page name",Title,Description,"Duration (sec)","Publish time","Caption type",Permalink,"Is crosspost","Is share","Post type",Languages,"Custom labels","Funded content status",Comment,Date,"People Reached",Engagements,Shares,Likes,Comments,"Seconds Viewed","Average Seconds Viewed","Ad Impressions","Reels plays","60-Second Video Views",Impressions,"3-Second Video Views","Total clicks","Other Clicks","Photo Views","Link Clicks","Clicks to Play","Article Average Time Spent","Article Daily Scroll Depth","Unique negative feedback from users: Hide","Unique negative feedback from users: Hide all","Ad CPM (USD)","Estimated earnings (USD)"
801694291328348,151234121567343,Mercedes-AMG,,"It is Race Day in Spielberg.

The Shootout for todayâ€™s Sprint Race is done.

George and Lewis start from P15 and P18. Lights out at 4:30 PM CEST.ðŸš¦

#WorldsFastestFamily #WeLivePerformance #MercedesAMGF1",0,"07/01/2023 05:07",N/A,https://www.facebook.com/MercedesAMG/posts/pfbid0NbX6mL1tB9gftFhCRp9cPd5kRzzUy9nuV7bDGoCdcCzc6hxXWH6RBeUe8WUwq677l,0,0,Photo,,,,,Lifetime,74986,396,9,378,9,0,0,,,0,78214,0,613,294,319,,,0,0,3,3,,
818596326304811,151234121567343,Mercedes-AMG,,"Behold, the camouflaged marvel the all-new Mercedes-AMG GT taking the open roads by storm! 

ðŸ“¸ Dscvr.Twins  for #MBcreator 

 #MercedesAMG #AMGThrill",0,"07/31/2023 09:07",N/A,https://www.facebook.com/MercedesAMG/posts/pfbid0NhrWQKRurpxRoiMwNwuAd2ezMMkij4kGDUvYVCmdtd41WgbsRUfUnG5McnuHtJofl,0,0,Photo,,,,,Lifetime,173586,4219,116,4032,71,0,0,,,0,173586,0,2524,1260,1264,,,0,0,2,3,,
817942499703527,151234121567343,Mercedes-AMG,,"Stealth and style combine in the streets of Stuttgart! Behold the all-new camouflaged Mercedes-AMG GT prototype, draped in a stunning colorful wrap. Even undercover, this super sports car effortlessly stands out from the crowd.

ðŸ“¸ Dscvr.Twins

 #MercedesAMG #AMGThrill",0,"07/30/2023 06:07",N/A,https://www.facebook.com/MercedesAMG/posts/pfbid02Me3JGPMJyKtgq19HwaSffQw1fHvqiD9gdsztcmuVheeRXNmdND9AjKRmXch3TuNGl,0,0,Photo,,,,,Lifetime,346149,3061,112,2874,75,0,0,,,0,354035,0,16386,4414,11972,,,0,0,,4,,
817872633043847,151234121567343,Mercedes-AMG,,"Real friends always have your back. Happy International Friendship Day! Share this with your partner in drive! ðŸ™‚ 

ðŸ“¸ automotive_alex_ on Instagram 

#MercedesAMG #AMGSpirit #MyAMG",0,"07/30/2023 03:07",N/A,https://www.facebook.com/MercedesAMG/posts/pfbid0y8YQnTcKQDKNCwN4mZRn1uehiZGZK1sriLCBF3JGQ2JsJR2EK9q9BUyBVt5JEZZpl,0,0,Photo,,,,,Lifetime,134526,1190,65,1101,24,0,0,,,0,144222,0,3306,923,2383,,,0,0,1,,,
817274696436974,151234121567343,Mercedes-AMG,,"Catch a glimpse of the future in the Mercedes-AMG EQE 53 4MATIC+. 

Charged with emotion and equipped with two electric motors, weâ€™re positive this AMG will take you in the right direction.

#MercedesAMG #AMG #AMGFocus #AMGTrust #EQE

[Mercedes-AMG EQE 53 4MATIC+ | WLTP: Stromverbrauch kombiniert: 22,9â€’20,3 kWh/100 km | COâ‚‚-Emissionen kombiniert: 0 g/km | amg4.me/DAT-Leitfaden-electric]",0,"07/29/2023 03:07",N/A,https://www.facebook.com/MercedesAMG/posts/pfbid0jWdGPoFYLvzegjrWgMZw1myVw1qR2MGaRgHjAHVyy2qb9eA9qX3NpEJu3vmF6P2Pl,0,0,Photo,,,,,Lifetime,84557,2489,39,2424,26,0,0,,,0,86820,0,664,473,189,2,,0,0,1,2,,
816878833143227,151234121567343,Mercedes-AMG,,"The sophistication of personalisation â€“ an interactive experience by Krista Kim for the Mercedes-AMG SL.

#StepIntoTheSpotlight #KristaKim
#Manufaktur #BeBold #BeCreative
#3DBillboard #MercedesAMG #SL",0,"07/28/2023 09:07",N/A,https://www.facebook.com/MercedesAMG/posts/pfbid02xqqFBTsjmXz6uzJyCKT4KmP46KLH4FALF2a6RiEJgeZvgk6ZMFuiEguykGvpAXZ1l,0,0,Photo,,,,,Lifetime,95250,1922,34,1868,20,0,0,,,0,95387,0,1903,469,1434,,,0,0,1,1,,
816790516485392,151234121567343,Mercedes-AMG,,"Did someone say couple goals? We certainly think so.

ðŸ“¸ robin_k94 on Instagram

#MercedesAMG #AMGSpirit #AMGLife",0,"07/28/2023 06:07",N/A,https://www.facebook.com/MercedesAMG/posts/pfbid02soNGbV4BkhszPKYeK9PwbQHdWjqG1mufTfSgJ1D8PD9Amfqn8mYCmehGBmKEPsskl,0,0,Photo,,,,,Lifetime,194448,6423,83,6266,74,0,0,,,0,201853,0,2256,1385,870,1,,0,0,2,2,,
815810709916706,151234121567343,Mercedes-AMG,"2023-07 AMG SL Media Stunt Krista Kim Promo Video 9x16.mp4","Step into a digital adventure, where your unique style drives your personalised journey. By Krista Kim, for Mercedes-AMG.

#StepIntoTheSpotlight #KristaKim #Manufaktur #BeBold #BeCreative
#3DBillboard #MercedesAMG #SL",18,"07/26/2023 09:07",uploaded,https://www.facebook.com/MercedesAMG/posts/pfbid0HjkvZgSSpVTD6MzrTv5rmJuypv55p3bgHKxQAZsPQgcCr6jjWTaZgUTFbq9xhzyzl,0,0,Video,,,,,Lifetime,31382,586,29,541,16,68462.45,2.55,0,,0,31742,3746,252,240,,,12,0,0,1,2,0,0
815192883311822,151234121567343,Mercedes-AMG,,"Here's your ticket to a summer tailored to all your needs. Make this season yours and upgrade your ride with the MANUFAKTUR specifications for the Mercedes-AMG SL 63. 

Some specifications are only available from the final quarter of 2023. 

#MercedesAMG #AMG #AMGPremiere #AMGSpirit #SL63

[Mercedes-AMG SL 63 4MATIC+ | WLTP: Kraftstoffverbrauch kombiniert: 13,2â€’12,8 l/100 km | COâ‚‚-Emissionen kombiniert: 300â€’290 g/km | amg4.me/DAT-Leitfaden]",13,"07/25/2023 07:07",N/A,https://www.facebook.com/MercedesAMG/posts/pfbid028QWdv35EPXyktCnT3GFERJzdhEm8vFMnEgT6uEHJvLaE41cpJiwifMPYLxuq2wN8l,0,0,Video,,,,,Lifetime,23322,340,11,321,8,42590.12,2.14,0,,0,23690,2551,150,142,,4,4,0,0,2,1,0,0
814619363369174,151234121567343,Mercedes-AMG,,"Nature's perfect backdrop for a quick wheel rest.

ðŸ“¸ davidacedo on Instagram

#MercedesAMG #SL63 #AMGSpirit

[Mercedes-AMG SL 63 4MATIC+ | WLTP: Kraftstoffverbrauch kombiniert: 13,2â€’12,8 l/100 km | COâ‚‚-Emissionen kombiniert: 300â€’290 g/km | amg4.me/DAT-Leitfaden]",0,"07/24/2023 06:07",N/A,https://www.facebook.com/MercedesAMG/posts/pfbid0299RyMggfEozfLDih3BJUjjPN4CrYGLPkYxZf6TQxBU4L7NYi1YaLfwSK763BCyunl,0,0,Photo,,,,,Lifetime,83745,947,19,914,14,0,0,,,0,88109,0,628,270,356,2,,0,0,1,1,,
813959480101829,151234121567343,Mercedes-AMG,,"Impressive colours and even more flexible! Our Mercedes-AMG SL shows off its new MANUFAKTUR options for the exterior.

#MercedesAMG #stepintothespotlight #manufaktur #bebold #becreative #3DBillboard #SL",14,"07/23/2023 03:07",N/A,https://www.facebook.com/MercedesAMG/posts/pfbid02Wu8pu78vh9yyuPUGcceXLGpSAQSpvBKmXRitC4A7PdG8v5NqRifeu7eaMAt8aFiLl,0,0,Video,,,,,Lifetime,27308,310,11,295,4,59223.89,2.43,0,,0,28610,3693,209,200,,,9,0,0,1,,0,0
1015397762981248,151234121567343,Mercedes-AMG,,"Itâ€™s a match! Our Mercedes-AMG SL combines variety with driving pleasure.                      #MercedesAMG #stepintothespotlight #manufaktur #bebold #becreative #3DBillboard #SL",22,"07/22/2023 06:07",N/A,https://www.facebook.com/reel/1015397762981248/,0,0,"FB reel",,,,,Lifetime,32845,348,22,322,4,109401.81,3.75,0,29177,,,,,,,,,,,,,,
813434836820960,151234121567343,Mercedes-AMG,,,0,"07/22/2023 03:07",N/A,https://www.facebook.com/MercedesAMG/posts/pfbid0bgRMsffmR58u4C9Z4iUrQUvDiujdhGnWxyRoQwp91Gcf4juatD5jniVer2bdRdoCl,0,0,Photo,,,,,Lifetime,244386,1840,37,1771,32,0,0,,,0,254939,0,14075,3469,10606,,,0,0,1,3,,
813071543523956,151234121567343,Mercedes-AMG,,"Advanced technology for more dynamics and agility â€“The all-new Mercedes-AMG GLC 63 S E PERFORMANCE.

#MercedesAMG #AMGPremiere #GLC63SE #EPERFORMANCE #AMGThrill

[Mercedes-AMG GLC 63 S E PERFORMANCE | Kraftstoffverbrauch kombiniert: 7,5 l/100 km | COâ‚‚-Emissionen kombiniert: 170 g/km | Stromverbrauch kombiniert: 12,7 kWh/100 km | amg4.me/DAT-Leitfaden]",0,"07/21/2023 09:07",N/A,https://www.facebook.com/MercedesAMG/posts/pfbid02BciRbatyFyTVkS7AaQfX6Ya4QE4Wg4hi4WttRsJzHfq4pxRVUHSDgNWxQiHGrMAil,0,0,Photo,,,,,Lifetime,132252,1666,35,1601,30,0,0,,,0,132252,0,1608,835,741,32,,0,0,1,2,,
812998276864616,151234121567343,Mercedes-AMG,"2023-07 AMG SL Media Stunt Onsite Reveal Video 02 4x5.mp4","More than a billboard. This is an interactive Mercedes-AMG SL experience, adjusting to each and everyoneâ€™s personal style.

#MercedesAMG #stepintothespotlight #manufaktur #bebold #becreative #3DBillboard #SL",19,"07/21/2023 06:07",N/A,https://www.facebook.com/MercedesAMG/posts/pfbid02QmDiLcTR8st6SqSiGNBk2V9LX5HUjKvoQPufaBWFMUdkC3KbG1vmhhZr4MMepf8Vl,0,0,Video,,,,,Lifetime,20659,241,11,227,3,47450.97,2.68,0,,0,20659,3013,157,155,,,2,0,0,1,,0,0
812930026871441,151234121567343,Mercedes-AMG,,"Explore a new front design, the AMG radiator grille, 21 inch rims and the newly updated rear design of the advanced mild-hybrid SUV. The all-new Mercedes-AMG GLC 43 4MATIC.

#MercedesAMG #GLC434MATIC #TurboElectrified #AMGPremiere

[Mercedes-AMG GLC 43 4MATIC | Kraftstoffverbrauch kombiniert: 10,2â€’9,8 l/100 km | COâ‚‚-Emissionen kombiniert: 232â€’223 g/km | amg4.me/DAT-Leitfaden]",0,"07/21/2023 03:07",N/A,https://www.facebook.com/MercedesAMG/posts/pfbid0D6tA6iHKB2Jh4zmKFTn86d3xGNBQqnVosu9hr89whRNM7GC6rNAkhKpkWTkkiJ5Hl,0,0,Photo,,,,,Lifetime,144864,904,21,877,6,0,0,,,0,145529,0,3467,831,2630,6,,0,0,2,1,,
812566690241108,151234121567343,Mercedes-AMG,,"Always in control â€“ Steer your perfect Mercedes-AMG SL in a digital world built by Krista Kim.

#MercedesAMG #stepintothespotlight #manufaktur #bebold #becreative #3DBillboard #SL",18,"07/20/2023 09:07",N/A,https://www.facebook.com/MercedesAMG/posts/pfbid0NvrFXCbzVbZXEbzpwHhdoRe5srTx196VdY8oDEScjyyW3KumqaqD5yEKEPMLkp69l,0,0,Video,,,,,Lifetime,31976,404,16,379,9,74744.63,2.72,0,,0,32243,4637,212,204,,,8,0,0,1,,0,0
812440283587082,151234121567343,Mercedes-AMG,,"Innovative. Interactive. Impressive. Step into the spotlight with the Mercedes-AMG SL.

#MercedesAMG #stepintothespotlight #manufaktur #bebold #becreative #3DBillboard #SL",0,"07/20/2023 05:07",N/A,https://www.facebook.com/MercedesAMG/posts/pfbid02FaAYsPbTm9xF8J76W5rk2851rcUk9U5yAUP9sVqJG12rNPxJxJFuTQAa4Dc3bs6ml,0,0,Photo,,,,,Lifetime,159144,1359,29,1314,16,0,0,,,0,159783,0,3169,883,2285,1,,0,0,2,2,,
812374666926977,151234121567343,Mercedes-AMG,,"Going in the right direction. A driving force of electrified acceleration and maximum power. 

#MercedesAMG #AMG #AMGFocus #AMGTrust #EQE

[Mercedes-AMG EQE 53 4MATIC+ | WLTP: Stromverbrauch kombiniert: 22,9â€’20,3 kWh/100 km | COâ‚‚-Emissionen kombiniert: 0 g/km | amg4.me/DAT-Leitfaden-electric]",0,"07/20/2023 03:07",N/A,https://www.facebook.com/MercedesAMG/posts/pfbid0d8J1sKJgQKyLVNKicH7yFpEvvDJz2KQALGrGUxpKwJZxc66kb9M2Z6eSUW5EJmael,0,0,Photo,,,,,Lifetime,78732,559,17,536,6,0,0,,,0,79526,0,990,270,717,3,,0,0,1,2,,
960940831624983,151234121567343,Mercedes-AMG,,"Pushing the boundaries of innovation, individualisation and creativity â€“ by Krista Kim for Mercedes-AMG. More coming soon.

#StepIntoTheSpotlight #KristaKim #Manufaktur #BeBold #BeCreative #3DBillboard #MercedesAMG #SL",15,"07/19/2023 10:07",N/A,https://www.facebook.com/reel/960940831624983/,0,0,"FB reel",,,,,Lifetime,32827,545,45,489,11,75273.21,2.46,0,30663,,,,,,,,,,,,,,
811910566973387,151234121567343,Mercedes-AMG,,"Let your imagination run wild with the creation of a personalised Mercedes-AMG SL. More coming soon!

#MercedesAMG #stepintothespotlight #manufaktur #bebold #becreative #3DBillboard #SL",13,"07/19/2023 08:07",N/A,https://www.facebook.com/MercedesAMG/posts/pfbid025zHWxaMWXNWaEUU4Aue3CWSkmA85StzW6v6yXmmARsXBpgw1qmB3fMcWf4TYshQzl,0,0,Video,,,,,Lifetime,21443,250,10,236,4,40635.01,2.16,0,,0,21973,2413,265,229,,,36,0,0,3,1,0,0
811861606978283,151234121567343,Mercedes-AMG,,"Advanced technology for an even more dynamic driving experience combined with bold exterior â€“ The all-new Mercedes-AMG GLC 43 4MATIC.

#MercedesAMG #GLC434MATIC #TurboElectrified #AMGPremiere 

[Mercedes-AMG GLC 43 4MATIC | Kraftstoffverbrauch kombiniert: 10,2â€’9,8 l/100 km | COâ‚‚-Emissionen kombiniert: 232â€’223 g/km | amg4.me/DAT-Leitfaden]",0,"07/19/2023 06:07",N/A,https://www.facebook.com/MercedesAMG/posts/pfbid02C9wyeK7QvyxgZGpWYW8VkT985nhZzUUWAhvXgkNk5ZAtNyBHBjQrByaosGorw7Rnl,0,0,Photo,,,,,Lifetime,67344,817,26,779,12,0,0,,,0,72204,0,767,418,343,6,,0,0,1,1,,
811423260355451,151234121567343,Mercedes-AMG,,"The all-new Mercedes-AMG GLC 63 S E PERFORMANCE  Edition 1 in hightech silver metallic. The limited Edition 1 is designed with new rims, spoiler and is now available to configurate!

#MercedesAMG #AMG #GLC63SE #EPERFORMANCE #AMGPremiere

[Mercedes-AMG GLC 63 S E PERFORMANCE | Kraftstoffverbrauch kombiniert: 7,5 l/100 km | COâ‚‚-Emissionen kombiniert: 170 g/km | Stromverbrauch kombiniert: 12,7 kWh/100 km | amg4.me/DAT-Leitfaden]",0,"07/18/2023 09:07",N/A,https://www.facebook.com/MercedesAMG/posts/pfbid02u2gX14Y7pV6bjC1364pC35ZUn1rWH7HY5wmVKoArZ6usQJLYcqnpGWXNEjdDi3xml,0,0,Photo,,,,,Lifetime,228880,1278,34,1217,27,0,0,,,0,239269,0,7642,2190,5402,50,,0,0,3,1,,
811351433695967,151234121567343,Mercedes-AMG,,"Take a closer look at the all-new Mercedes-AMG GLC 63 S E PERFORMANCE. The full walkaround video is live on the private lounge, sign up now. 

http://amg4.me/GLC_Walkaround 

#MercedesAMG #GLC63SE #EPERFORMANCE #AMGLifestyle #AMGThrill

[Mercedes-AMG GLC 63 S E PERFORMANCE | Kraftstoffverbrauch kombiniert: 7,5 l/100 km | COâ‚‚-Emissionen kombiniert: 170 g/km | Stromverbrauch kombiniert: 12,7 kWh/100 km | amg4.me/DAT-Leitfaden]",16,"07/18/2023 06:07",N/A,https://www.facebook.com/MercedesAMG/posts/pfbid036HkxB1rPUFcj4sq5TkzEoiiuoNqjMe4wmbBTtUdxv8e8wh28tu1WLqxd3cFcYJrml,0,0,Video,,,,,Lifetime,34136,660,49,588,23,114455.44,3.28,0,,0,37538,6659,992,810,,59,123,0,0,4,1,0,0
811240227040421,151234121567343,Mercedes-AMG,,"Discover our first high-performance hybrid SUV with even bolder design updates like new rims, a new spoiler and a new design front, rear and interior. The Mercedes-AMG GLC 63 S E PERFORMANCE.

#MercedesAMG #AMG #GLC63SE #EPERFORMANCE #AMGPremiere

[Mercedes-AMG GLC 63 S E PERFORMANCE | Kraftstoffverbrauch kombiniert: 7,5 l/100 km | COâ‚‚-Emissionen kombiniert: 170 g/km | Stromverbrauch kombiniert: 12,7 kWh/100 km | amg4.me/DAT-Leitfaden]",0,"07/18/2023 00:07",N/A,https://www.facebook.com/MercedesAMG/posts/pfbid02iYbmYcAzf22j5H7cX7EqKk1RRf59uutWpD8Q3koSv6UuiAHNQPKK1kELxS3AFr8al,0,0,Photo,,,,,Lifetime,267667,1692,35,1624,33,0,0,,,0,275421,0,8096,2272,5716,108,,0,0,3,4,,
660668652250104,151234121567343,Mercedes-AMG,,"A stand out ride. Powered by two punchy electric motors, the Mercedes-AMG EQE SUV offers uncompromising power, performance and space in one.

#MercedesAMG #AMG #AMGFocus #AMGTrust #EQESUV

[Mercedes-AMG EQE 53 4MATIC+ SUV | WLTP: Stromverbrauch kombiniert: 25,5â€’23 kWh/100 km | COâ‚‚-Emissionen kombiniert: 0 g/km | amg4.me/DAT-Leitfaden-electric]",16,"07/17/2023 06:07",N/A,https://www.facebook.com/reel/660668652250104/,0,0,"FB reel",,,,,Lifetime,32232,325,20,297,8,73569.13,2.55,0,28885,,,,,,,,,,,,,,
810759957088448,151234121567343,Mercedes-AMG,,"As unique as our MANUFAKTUR package: step into the spotlight and express your individuality. Stay tuned.

#StepIntoTheSpotlight #BeBold
#BeCreative #3DBillboard
#MercedesAMG #SL #Manufaktur",16,"07/17/2023 03:07",N/A,https://www.facebook.com/MercedesAMG/posts/pfbid02LSN635q6fknpUjtqFXocdPScdhWnYK5otj7zz2ZBYcxw9HNtCNms7p25524FhxW2l,0,0,Video,,,,,Lifetime,36404,512,22,487,3,75978.85,2.35,0,,0,37268,4785,1129,460,,1,668,0,0,3,2,0,0
2265596396974080,151234121567343,Mercedes-AMG,,,7,"07/16/2023 11:07",N/A,https://www.facebook.com/MercedesAMG/videos/2265596396974080/,0,0,Video,,,,,Lifetime,551,26,1,25,0,1984.44,4.3,0,,0,556,178,60,20,,,40,0,0,,,0,0
648098887238831,151234121567343,Mercedes-AMG,,,35,"07/16/2023 11:07",N/A,https://www.facebook.com/MercedesAMG/videos/648098887238831/,0,0,Video,,,,,Lifetime,11175,443,25,413,5,69600.78,5.92,0,,0,11688,4178,1726,828,,,898,0,0,,1,0,0
808111870686590,151234121567343,Mercedes-AMG,,"Powerfully versatile. Beautifully spacious. Equipped for every adventure. This is the Mercedes-AMG EQE SUV.

#MercedesAMG #AMG #AMGFocus #AMGTrust #EQESUV

[Mercedes-AMG EQE 53 4MATIC+ SUV | WLTP: Stromverbrauch kombiniert: 25,5â€’23 kWh/100 km | COâ‚‚-Emissionen kombiniert: 0 g/km | amg4.me/DAT-Leitfaden-electric]",0,"07/12/2023 07:07",N/A,https://www.facebook.com/MercedesAMG/posts/pfbid02iGYcqab2M397Wgnw5JhD5tNGr4C7FjfVjRgn1GGujcLkP65oNoYCSb35tszQKwstl,0,0,Photo,,,,,Lifetime,153161,1015,35,965,15,0,0,,,0,156464,0,2764,714,2040,10,,0,0,4,2,,
807532627411181,151234121567343,Mercedes-AMG,,"The Mercedes-AMG C 63 S E PERFORMANCE exudes performance dynamics, which can be seen and experienced in every detail.

#MercedesAMG #AMG #AMGLife #AMGThrill #C63S

[WLTP: Kraftstoffverbrauch kombiniert: 6,9 l/100 km | COâ‚‚-Emissionen kombiniert: 156 g/km | Stromverbrauch kombiniert: 11,7 kWh/100 km]",0,"07/11/2023 03:07",N/A,https://www.facebook.com/MercedesAMG/posts/pfbid0sHzTXRa5HvgEn5ChLpEWjw7yUgroce5oLkUsssJbMFCyXydYcUo1JcXieBZaaLWql,0,0,Photo,,,,,Lifetime,102454,1442,28,1378,36,0,0,,,0,102546,0,1341,814,527,,,0,0,1,1,,
807043600793417,151234121567343,Mercedes-AMG,,"An unrivaled ancestral gallery: The Black Series models of the past 14 years ðŸ”¥",78,"07/10/2023 03:07",N/A,https://www.facebook.com/MercedesAMG/posts/pfbid02NsTrcvwv8BmHCDfUqFkjE7HqHoxLmkSYxPYrpAvgfXXXVvbUxF2XkUtTFQpms577l,0,0,Video,,,,,Lifetime,48378,911,66,819,26,254620.63,5.82,0,,1390,48973,9951,1447,976,,1,470,0,0,2,,0,0
645806417475098,151234121567343,Mercedes-AMG,,"New possibilities. Creative expression. World-class artisanship. Convey your unique essence from exterior to interior with the exclusive MANUFAKTUR specifications for the Mercedes-AMG SL 63 4MATIC+. Which one will you pick?

Some specifications are only available from the final quarter of 2023. 

#MercedesAMG #AMG #AMGPremiere #AMGSpirit #SL63

[Mercedes-AMG SL 63 4MATIC+ | WLTP: Kraftstoffverbrauch kombiniert: 13,2â€’12,8 l/100 km | COâ‚‚-Emissionen kombiniert: 300â€’290 g/km | amg4.me/DAT-Leitfaden]",32,"07/09/2023 06:07",N/A,https://www.facebook.com/reel/645806417475098/,0,0,"FB reel",,,,,Lifetime,48141,2983,289,2573,121,329082.37,5.19,0,63457,,,,,,,,,,,,,,
805953917569052,151234121567343,Mercedes-AMG,"Status update",,0,"07/08/2023 05:07",N/A,https://www.facebook.com/MercedesAMG/posts/pfbid02QCnSDBfFZydsjPtJqtaMrKBApioyyHDxwcAGo4ZnLNoExaNisbq7JnCcboQdEC7ml,0,1,Photo,,,,,Lifetime,110343,1096,24,1070,2,0,0,,,0,111252,0,1774,719,1055,,,0,0,2,1,,
805377554293355,151234121567343,Mercedes-AMG,,"100 percent emotions, zero emissions. More than deserving of the spotlight, the Mercedes-AMG EQS is always prepped for high-intensity rides with innovation to the core.

#MercedesAMG #AMG #AMGFocus #AMGTrust #EQS53 

[Mercedes-AMG EQS 53 4MATIC+ | WLTP: Stromverbrauch kombiniert: 24â€’21,2 kWh/100 km | COâ‚‚-Emissionen kombiniert: 0 g/km | amg4.me/DAT-Leitfaden-electric]",16,"07/07/2023 06:07",N/A,https://www.facebook.com/MercedesAMG/posts/pfbid0jCw8Nxz3wrDN5xozh2Vp5D2WV4szSq2h1rii6qWwqUuReVjUdsr9zZ9jrUZQoPSol,0,0,Video,,,,,Lifetime,21658,235,10,218,7,37359.03,1.96,0,,0,22641,1944,191,149,,,42,0,0,3,,0,0
805368087627635,151234121567343,Mercedes-AMG,,"100 percent emotions, zero emissions. More than deserving of the spotlight, the Mercedes-AMG EQS is always prepped for high-intensity rides with innovation to the core.

#MercedesAMG #AMG #AMGFocus #AMGTrust #EQS53 

[Mercedes-AMG EQS 53 4MATIC+ | WLTP: Stromverbrauch kombiniert: 24â€’21,2 kWh/100 km | COâ‚‚-Emissionen kombiniert: 0 g/km | amg4.me/DAT-Leitfaden-electric]",16,"07/07/2023 06:07",N/A,https://www.facebook.com/MercedesAMG/posts/pfbid02RjuA1oASxWYG1qnmhYK4saywKrmomQT1BVVNZ566Vxo1tZZ1Tuwgikh4uUF4QRqBl,0,0,Video,,,,,Lifetime,26028,355,14,329,12,64026.99,2.39,0,,0,28356,3605,1094,390,,3,701,0,0,3,3,0,0
614497084108653,151234121567343,Mercedes-AMG,,"100 percent emotions, zero emissions. More than deserving of the spotlight, the Mercedes-AMG EQS is always prepped for high-intensity rides with innovation to the core.

#MercedesAMG #AMG #AMGFocus #AMGTrust #EQS53 

[Mercedes-AMG EQS 53 4MATIC+ | WLTP: Stromverbrauch kombiniert: 24â€’21,2 kWh/100 km | COâ‚‚-Emissionen kombiniert: 0 g/km | amg4.me/DAT-Leitfaden-electric]",16,"07/07/2023 06:07",N/A,https://www.facebook.com/reel/614497084108653/,0,0,"FB reel",,,,,Lifetime,23602,247,14,224,9,46666.29,2.13,0,21931,,,,,,,,,,,,,,
805283297636114,151234121567343,Mercedes-AMG,,"Join Felix and Ralf as they talk shop about the Black Series models and marvel at the ancestral gallery, then stay tuned as Catrin and Cornelius gear up to tackle Felix's challenges in two Black Series models.

Watch the full video on YouTube:

http://amg4.me/InsideAMG_BlackSeries 

#MercedesAMG #AMG #AMGClassics",0,"07/07/2023 03:07",N/A,https://www.facebook.com/MercedesAMG/posts/pfbid038KbWnTa7LniiWa1L9Qrq8M9xLz4c52WZn8q9RVGc76N8BtWdXuKbk8MVrnJowetrl,0,0,Photo,,,,,Lifetime,44600,272,16,253,3,0,0,,,0,45748,0,869,332,525,12,,0,0,1,1,,
804726837691760,151234121567343,Mercedes-AMG,,"Goosebump-inducingly powerful from its roomy avant-garde interior to its irrepressible driving force. The Mercedes-AMG EQS is a statement-maker from within. 

[Mercedes-AMG EQS 53 4MATIC+ | WLTP: Stromverbrauch kombiniert: 24â€’21,2 kWh/100 km | COâ‚‚-Emissionen kombiniert: 0 g/km | amg4.me/DAT-Leitfaden-electric]

#MercedesAMG #AMG #AMGFocus #AMGTrust #EQS",0,"07/06/2023 06:07",N/A,https://www.facebook.com/MercedesAMG/posts/pfbid0QBhBHcemZFsXwm8txLWthe9CoF3CJQhppGjiQRTVp6K5fwM9ZBQFAb2jEGWbTKmnl,0,0,Photo,,,,,Lifetime,90368,1093,18,1058,17,0,0,,,0,92131,0,926,410,509,7,,0,0,2,,,
591692223179324,151234121567343,Mercedes-AMG,,"Born on the racetrack, built for the road: The AMG Black Series models redefine what it means to push the limits. #InsideAMG 

Watch the new episode here: amg4.me/InsideAMG_BlackSeries

#MercedesAMG #AMG #AMGClassics",40,"07/04/2023 06:07",N/A,https://www.facebook.com/reel/591692223179324/,0,0,"FB reel",,,,,Lifetime,18500,463,36,413,14,74229.07,3.47,0,21418,,,,,,,,,,,,,,
803461561151621,151234121567343,Mercedes-AMG,,"With irresistible dynamism and paint colours that light up every mood.

#MercedesAMG #AMG #AMGLife #AMGTrust #EQE53

[Mercedes-AMG EQE 53 4MATIC+ | WLTP: Stromverbrauch kombiniert: 22,9â€’20,3 kWh/100 km | COâ‚‚-Emissionen kombiniert: 0 g/km | amg4.me/DAT-Leitfaden-electric]",0,"07/04/2023 03:07",N/A,https://www.facebook.com/MercedesAMG/posts/pfbid0pVhrgG2yjggoNom4Sztp2BfYite5FXAUTxGvKebn6LuacJiuHHMZi56SPpg3TXQLl,0,0,Photo,,,,,Lifetime,63236,671,22,630,19,0,0,,,0,65894,0,501,255,242,4,,0,0,1,2,,
802851987879245,151234121567343,Mercedes-AMG,,"Embracing the allure of shadows while waiting for its next mission.

ðŸ“¸ stephan.merkle on Instagram

#MercdedesAMG #AMG #MyAMG",0,"07/03/2023 03:07",N/A,https://www.facebook.com/MercedesAMG/posts/pfbid0q3vSc3gVcDLd1RPSqWpM8sZHwhH8XWb34nETGW4qLcxBY6Jxp5bfmB48CrK6fpV8l,0,0,Photo,,,,,Lifetime,219698,6665,222,6310,133,0,0,,,0,229882,0,2517,1491,1026,,,0,0,1,11,,
802320917932352,151234121567343,Mercedes-AMG,,"All eyes on the horizon with the Mercedes-AMG GT Black Series.

#MercedesAMG #AMG #AMGLife #AMGThrill #GT",0,"07/02/2023 06:07",N/A,https://www.facebook.com/MercedesAMG/posts/pfbid0w4CANMXnBDc8Be375HdFvdsJ6QCT44QCevrEzVgrTKcH1a45hxDsC8tEowmAJXWtl,0,0,Photo,,,,,Lifetime,156274,7179,181,6934,64,0,0,,,0,156614,0,1602,1035,567,,,0,0,3,4,,
801722544658856,151234121567343,Mercedes-AMG,,"Whoâ€™s a fan of this vibrant exterior? I know we certainly are!

ðŸ“¸ madeline.sd on Instagram 

#MercedesAMG #AMG #AMGSpirit",0,"07/01/2023 06:07",N/A,https://www.facebook.com/MercedesAMG/posts/pfbid0p16JPAJ2WHDxccy2EFg2CH9KQQRxM1fiZoARVsc8spz8yo2o2ciHsAhsYe3fRSVPl,0,0,Photo,,,,,Lifetime,59674,654,24,622,8,0,0,,,0,59674,0,394,208,186,,,0,0,2,,,
